price,area,bedrooms,bathrooms,stories,mainroad,guestroom,basement,hotwaterheating,airconditioning,parking,prefarea,furnishingstatus,mainroad_label,guestroom_label,basement_label,hotwaterheating_label,airconditioning_label,prefarea_label,furnishingstatus_label
10541999.999999963,7420.0,4,2.0,3,yes,no,no,no,yes,2,yes,furnished,1,0,0,0,1,1,0
10541999.999999963,8960.0,4,4.0,4,yes,no,no,no,yes,3,no,furnished,1,0,0,0,1,0,0
10541999.999999963,9960.0,3,2.0,2,yes,no,yes,no,no,2,yes,semi-furnished,1,0,1,0,0,1,1
10541999.999999963,4540.0,4,2.0,2,yes,no,yes,no,yes,3,yes,furnished,1,0,1,0,1,1,0
10541999.999999963,4540.0,4,1.0,2,yes,yes,yes,no,yes,2,no,furnished,1,1,1,0,1,0,0
10541999.999999963,7500.0,3,3.0,1,yes,no,yes,no,yes,2,yes,semi-furnished,1,0,1,0,1,1,1
10150000.0,8580.0,4,3.0,4,yes,no,no,no,yes,2,yes,semi-furnished,1,0,0,0,1,1,1
10150000.0,11812.799999999967,5,3.0,2,yes,no,no,no,no,0,no,unfurnished,1,0,0,0,0,0,2
9870000.0,8100.0,4,1.0,2,yes,yes,yes,no,yes,2,yes,furnished,1,1,1,0,1,1,0
9800000.0,5750.0,3,2.0,4,yes,yes,no,no,yes,1,yes,unfurnished,1,1,0,0,1,1,2
9800000.0,4540.0,3,1.0,2,yes,no,yes,no,yes,2,yes,furnished,1,0,1,0,1,1,0
9681000.0,6000.0,4,3.0,2,yes,yes,yes,yes,no,2,no,semi-furnished,1,1,1,1,0,0,1
9310000.0,6550.0,4,2.0,2,yes,no,no,no,yes,1,yes,semi-furnished,1,0,0,0,1,1,1
9240000.0,3500.0,5,2.0,2,yes,no,no,yes,no,2,no,furnished,1,0,0,1,0,0,0
9240000.0,7800.0,3,2.0,2,yes,no,no,no,no,0,yes,semi-furnished,1,0,0,0,0,1,1
9100000.0,6000.0,4,1.0,2,yes,no,yes,no,no,2,no,semi-furnished,1,0,1,0,0,0,1
9100000.0,6600.0,4,2.0,2,yes,yes,yes,no,yes,1,yes,unfurnished,1,1,1,0,1,1,2
8960000.0,8500.0,3,2.0,4,yes,no,no,no,yes,2,no,furnished,1,0,0,0,1,0,0
8890000.0,4600.0,3,1.0,2,yes,yes,no,no,yes,2,no,furnished,1,1,0,0,1,0,0
8855000.0,6420.0,3,2.0,2,yes,no,no,no,yes,1,yes,semi-furnished,1,0,0,0,1,1,1
8750000.0,4320.0,3,1.0,2,yes,no,yes,yes,no,2,no,semi-furnished,1,0,1,1,0,0,1
8680000.0,7155.0,3,2.0,1,yes,yes,yes,no,yes,2,no,unfurnished,1,1,1,0,1,0,2
8645000.0,8050.0,3,1.0,1,yes,yes,yes,no,yes,1,no,furnished,1,1,1,0,1,0,0
8645000.0,4560.0,3,2.0,2,yes,yes,yes,no,yes,1,no,furnished,1,1,1,0,1,0,0
8575000.0,8800.0,3,2.0,2,yes,no,no,no,yes,2,no,furnished,1,0,0,0,1,0,0
8540000.0,6540.0,4,2.0,2,yes,yes,yes,no,yes,2,yes,furnished,1,1,1,0,1,1,0
8463000.0,6000.0,3,2.0,4,yes,yes,yes,no,yes,0,yes,semi-furnished,1,1,1,0,1,1,1
8400000.0,8875.0,3,1.0,1,yes,no,no,no,no,1,no,semi-furnished,1,0,0,0,0,0,1
8400000.0,7950.0,5,2.0,2,yes,no,yes,yes,no,2,no,unfurnished,1,0,1,1,0,0,2
8400000.0,5500.0,4,2.0,2,yes,no,yes,no,yes,1,yes,semi-furnished,1,0,1,0,1,1,1
8400000.0,7475.0,3,2.0,4,yes,no,no,no,yes,2,no,unfurnished,1,0,0,0,1,0,2
8400000.0,7000.0,3,1.0,4,yes,no,no,no,yes,2,no,semi-furnished,1,0,0,0,1,0,1
8295000.0,4880.0,4,2.0,2,yes,no,no,no,yes,1,yes,furnished,1,0,0,0,1,1,0
8190000.0,5960.0,3,3.0,2,yes,yes,yes,no,no,1,no,unfurnished,1,1,1,0,0,0,2
8120000.0,6840.0,5,1.0,2,yes,yes,yes,no,yes,1,no,furnished,1,1,1,0,1,0,0
8080940.0,7000.0,3,2.0,4,yes,no,no,no,yes,2,no,furnished,1,0,0,0,1,0,0
8043000.0,7482.0,3,2.0,3,yes,no,no,yes,no,1,yes,furnished,1,0,0,1,0,1,0
7980000.0,9000.0,4,2.0,4,yes,no,no,no,yes,2,no,furnished,1,0,0,0,1,0,0
7962500.0,6000.0,3,1.0,4,yes,yes,no,no,yes,2,no,unfurnished,1,1,0,0,1,0,2
7910000.0,6000.0,4,2.0,4,yes,no,no,no,yes,1,no,semi-furnished,1,0,0,0,1,0,1
7875000.0,6550.0,3,1.0,2,yes,no,yes,no,yes,0,yes,furnished,1,0,1,0,1,1,0
7840000.0,6360.0,3,2.0,4,yes,no,no,no,yes,0,yes,furnished,1,0,0,0,1,1,0
7700000.0,6480.0,3,2.0,4,yes,no,no,no,yes,2,no,unfurnished,1,0,0,0,1,0,2
7700000.0,6000.0,4,2.0,4,yes,no,no,no,no,2,no,semi-furnished,1,0,0,0,0,0,1
7560000.0,6000.0,4,2.0,4,yes,no,no,no,yes,1,no,furnished,1,0,0,0,1,0,0
7560000.0,6000.0,3,2.0,3,yes,no,no,no,yes,0,no,semi-furnished,1,0,0,0,1,0,1
7525000.0,6000.0,3,2.0,4,yes,no,no,no,yes,1,no,furnished,1,0,0,0,1,0,0
7490000.0,6600.0,3,1.0,4,yes,no,no,no,yes,3,yes,furnished,1,0,0,0,1,1,0
7455000.0,4300.0,3,2.0,2,yes,no,yes,no,no,1,no,unfurnished,1,0,1,0,0,0,2
7420000.0,7440.0,3,2.0,1,yes,yes,yes,no,yes,0,yes,semi-furnished,1,1,1,0,1,1,1
7420000.0,7440.0,3,2.0,4,yes,no,no,no,no,1,yes,unfurnished,1,0,0,0,0,1,2
7420000.0,6325.0,3,1.0,4,yes,no,no,no,yes,1,no,unfurnished,1,0,0,0,1,0,2
7350000.0,6000.0,4,2.0,4,yes,yes,no,no,yes,1,no,furnished,1,1,0,0,1,0,0
7350000.0,5150.0,3,2.0,4,yes,no,no,no,yes,2,no,semi-furnished,1,0,0,0,1,0,1
7350000.0,6000.0,3,2.0,2,yes,yes,no,no,yes,1,no,semi-furnished,1,1,0,0,1,0,1
7350000.0,6000.0,3,1.0,2,yes,no,no,no,yes,1,no,unfurnished,1,0,0,0,1,0,2
7343000.0,11440.0,4,1.0,2,yes,no,yes,no,no,1,yes,semi-furnished,1,0,1,0,0,1,1
7245000.0,9000.0,4,2.0,4,yes,yes,no,no,yes,1,yes,furnished,1,1,0,0,1,1,0
7210000.0,7680.0,4,2.0,4,yes,yes,no,no,yes,1,no,semi-furnished,1,1,0,0,1,0,1
7210000.0,6000.0,3,2.0,4,yes,yes,no,no,yes,1,no,furnished,1,1,0,0,1,0,0
7140000.0,6000.0,3,2.0,2,yes,yes,no,no,no,1,no,semi-furnished,1,1,0,0,0,0,1
7070000.0,8880.0,2,1.0,1,yes,no,no,no,yes,1,no,semi-furnished,1,0,0,0,1,0,1
7070000.0,6240.0,4,2.0,2,yes,no,no,no,yes,1,no,furnished,1,0,0,0,1,0,0
7035000.0,6360.0,4,2.0,3,yes,no,no,no,yes,2,yes,furnished,1,0,0,0,1,1,0
7000000.0,11175.0,3,1.0,1,yes,no,yes,no,yes,1,yes,furnished,1,0,1,0,1,1,0
6930000.0,8880.0,3,2.0,2,yes,no,yes,no,yes,1,no,furnished,1,0,1,0,1,0,0
6930000.0,11812.799999999967,2,1.0,1,yes,no,yes,yes,no,1,no,furnished,1,0,1,1,0,0,0
6895000.0,7700.0,3,2.0,1,yes,no,no,no,no,2,no,unfurnished,1,0,0,0,0,0,2
6860000.0,6000.0,3,1.0,1,yes,no,no,no,yes,1,no,furnished,1,0,0,0,1,0,0
6790000.0,11812.799999999967,4,2.0,2,yes,no,no,no,no,2,yes,furnished,1,0,0,0,0,1,0
6790000.0,4000.0,3,2.0,2,yes,no,yes,no,yes,0,yes,semi-furnished,1,0,1,0,1,1,1
6755000.0,6000.0,4,2.0,4,yes,no,no,no,yes,0,no,unfurnished,1,0,0,0,1,0,2
6720000.0,5020.0,3,1.0,4,yes,no,no,no,yes,0,yes,unfurnished,1,0,0,0,1,1,2
6685000.0,6600.0,2,2.0,4,yes,no,yes,no,no,0,yes,furnished,1,0,1,0,0,1,0
6650000.0,4040.0,3,1.0,2,yes,no,yes,yes,no,1,no,furnished,1,0,1,1,0,0,0
6650000.0,4260.0,4,2.0,2,yes,no,no,yes,no,0,no,semi-furnished,1,0,0,1,0,0,1
6650000.0,6420.0,3,2.0,3,yes,no,no,no,yes,0,yes,furnished,1,0,0,0,1,1,0
6650000.0,6500.0,3,2.0,3,yes,no,no,no,yes,0,yes,furnished,1,0,0,0,1,1,0
6650000.0,5700.0,3,1.0,1,yes,yes,yes,no,yes,2,yes,furnished,1,1,1,0,1,1,0
6650000.0,6000.0,3,2.0,3,yes,yes,no,no,yes,0,no,furnished,1,1,0,0,1,0,0
6629000.0,6000.0,3,1.0,2,yes,no,no,yes,no,1,yes,semi-furnished,1,0,0,1,0,1,1
6615000.0,4000.0,3,2.0,2,yes,no,yes,no,yes,1,no,semi-furnished,1,0,1,0,1,0,1
6615000.0,10500.0,3,2.0,1,yes,no,yes,no,yes,1,yes,furnished,1,0,1,0,1,1,0
6580000.0,6000.0,3,2.0,4,yes,no,no,no,yes,0,no,semi-furnished,1,0,0,0,1,0,1
6510000.0,3760.0,3,1.0,2,yes,no,no,yes,no,2,no,semi-furnished,1,0,0,1,0,0,1
6510000.0,8250.0,3,2.0,3,yes,no,no,no,yes,0,no,furnished,1,0,0,0,1,0,0
6510000.0,6670.0,3,1.0,3,yes,no,yes,no,no,0,yes,unfurnished,1,0,1,0,0,1,2
6475000.0,3960.0,3,1.0,1,yes,no,yes,no,no,2,no,semi-furnished,1,0,1,0,0,0,1
6475000.0,7410.0,3,1.0,1,yes,yes,yes,no,yes,2,yes,unfurnished,1,1,1,0,1,1,2
6440000.0,8580.0,5,3.0,2,yes,no,no,no,no,2,no,furnished,1,0,0,0,0,0,0
6440000.0,5000.0,3,1.0,2,yes,no,no,no,yes,0,no,semi-furnished,1,0,0,0,1,0,1
6419000.0,6750.0,2,1.0,1,yes,yes,yes,no,no,2,yes,furnished,1,1,1,0,0,1,0
6405000.0,4800.0,3,2.0,4,yes,yes,no,no,yes,0,no,furnished,1,1,0,0,1,0,0
6300000.0,7200.0,3,2.0,1,yes,no,yes,no,yes,3,no,semi-furnished,1,0,1,0,1,0,1
6300000.0,6000.0,4,2.0,4,yes,no,no,no,no,1,no,semi-furnished,1,0,0,0,0,0,1
6300000.0,4100.0,3,2.0,3,yes,no,no,no,yes,2,no,semi-furnished,1,0,0,0,1,0,1
6300000.0,9000.0,3,1.0,1,yes,no,yes,no,no,1,yes,furnished,1,0,1,0,0,1,0
6300000.0,6400.0,3,1.0,1,yes,yes,yes,no,yes,1,yes,semi-furnished,1,1,1,0,1,1,1
6293000.0,6600.0,3,2.0,3,yes,no,no,no,yes,0,yes,unfurnished,1,0,0,0,1,1,2
6265000.0,6000.0,4,1.0,3,yes,yes,yes,no,no,0,yes,unfurnished,1,1,1,0,0,1,2
6230000.0,6600.0,3,2.0,1,yes,no,yes,no,yes,0,yes,unfurnished,1,0,1,0,1,1,2
6230000.0,5500.0,3,1.0,3,yes,no,no,no,no,1,yes,unfurnished,1,0,0,0,0,1,2
6195000.0,5500.0,3,2.0,4,yes,yes,no,no,yes,1,no,semi-furnished,1,1,0,0,1,0,1
6195000.0,6350.0,3,2.0,3,yes,yes,no,no,yes,0,no,furnished,1,1,0,0,1,0,0
6195000.0,5500.0,3,2.0,1,yes,yes,yes,no,no,2,yes,furnished,1,1,1,0,0,1,0
6160000.0,4500.0,3,1.0,4,yes,no,no,no,yes,0,no,unfurnished,1,0,0,0,1,0,2
6160000.0,5450.0,4,2.0,1,yes,no,yes,no,yes,0,yes,semi-furnished,1,0,1,0,1,1,1
6125000.0,6420.0,3,1.0,3,yes,no,yes,no,no,0,yes,unfurnished,1,0,1,0,0,1,2
6107500.0,3240.0,4,1.0,3,yes,no,no,no,no,1,no,semi-furnished,1,0,0,0,0,0,1
6090000.0,6615.0,4,2.0,2,yes,yes,no,yes,no,1,no,semi-furnished,1,1,0,1,0,0,1
6090000.0,6600.0,3,1.0,1,yes,yes,yes,no,no,2,yes,semi-furnished,1,1,1,0,0,1,1
6090000.0,8372.0,3,1.0,3,yes,no,no,no,yes,2,no,unfurnished,1,0,0,0,1,0,2
6083000.0,4300.0,5,2.0,2,yes,no,no,no,no,0,no,furnished,1,0,0,0,0,0,0
6083000.0,9620.0,3,1.0,1,yes,no,yes,no,no,2,yes,furnished,1,0,1,0,0,1,0
6020000.0,6800.0,2,1.0,1,yes,yes,yes,no,no,2,no,furnished,1,1,1,0,0,0,0
6020000.0,8000.0,3,1.0,1,yes,yes,yes,no,yes,2,yes,semi-furnished,1,1,1,0,1,1,1
6020000.0,6900.0,3,2.0,1,yes,yes,yes,no,no,0,yes,unfurnished,1,1,1,0,0,1,2
5950000.0,3700.0,4,1.0,2,yes,yes,no,no,yes,0,no,furnished,1,1,0,0,1,0,0
5950000.0,6420.0,3,1.0,1,yes,no,yes,no,yes,0,yes,furnished,1,0,1,0,1,1,0
5950000.0,7020.0,3,1.0,1,yes,no,yes,no,yes,2,yes,semi-furnished,1,0,1,0,1,1,1
5950000.0,6540.0,3,1.0,1,yes,yes,yes,no,no,2,yes,furnished,1,1,1,0,0,1,0
5950000.0,7231.0,3,1.0,2,yes,yes,yes,no,yes,0,yes,semi-furnished,1,1,1,0,1,1,1
5950000.0,6254.0,4,2.0,1,yes,no,yes,no,no,1,yes,semi-furnished,1,0,1,0,0,1,1
5950000.0,7320.0,4,2.0,2,yes,no,no,no,no,0,no,furnished,1,0,0,0,0,0,0
5950000.0,6525.0,3,2.0,4,yes,no,no,no,no,1,no,furnished,1,0,0,0,0,0,0
5943000.0,11812.799999999967,3,1.0,1,yes,no,no,no,yes,2,no,semi-furnished,1,0,0,0,1,0,1
5880000.0,7160.0,3,1.0,1,yes,no,yes,no,no,2,yes,unfurnished,1,0,1,0,0,1,2
5880000.0,6500.0,3,2.0,3,yes,no,no,no,yes,0,no,unfurnished,1,0,0,0,1,0,2
5873000.0,5500.0,3,1.0,3,yes,yes,no,no,yes,1,no,furnished,1,1,0,0,1,0,0
5873000.0,11460.0,3,1.0,3,yes,no,no,no,no,2,yes,semi-furnished,1,0,0,0,0,1,1
5866000.0,4800.0,3,1.0,1,yes,yes,yes,no,no,0,no,unfurnished,1,1,1,0,0,0,2
5810000.0,5828.0,4,1.0,4,yes,yes,no,no,no,0,no,semi-furnished,1,1,0,0,0,0,1
5810000.0,5200.0,3,1.0,3,yes,no,no,no,yes,0,no,semi-furnished,1,0,0,0,1,0,1
5810000.0,4800.0,3,1.0,3,yes,no,no,no,yes,0,no,unfurnished,1,0,0,0,1,0,2
5803000.0,7000.0,3,1.0,1,yes,no,yes,no,no,2,yes,semi-furnished,1,0,1,0,0,1,1
5775000.0,6000.0,3,2.0,4,yes,no,no,no,yes,0,no,unfurnished,1,0,0,0,1,0,2
5740000.0,5400.0,4,2.0,2,yes,no,no,no,yes,2,no,unfurnished,1,0,0,0,1,0,2
5740000.0,4640.0,4,1.0,2,yes,no,no,no,no,1,no,semi-furnished,1,0,0,0,0,0,1
5740000.0,5000.0,3,1.0,3,yes,no,no,no,yes,0,no,semi-furnished,1,0,0,0,1,0,1
5740000.0,6360.0,3,1.0,1,yes,yes,yes,no,yes,2,yes,furnished,1,1,1,0,1,1,0
5740000.0,5800.0,3,2.0,4,yes,no,no,no,yes,0,no,unfurnished,1,0,0,0,1,0,2
5652500.0,6660.0,4,2.0,2,yes,yes,yes,no,no,1,yes,semi-furnished,1,1,1,0,0,1,1
5600000.0,10500.0,4,2.0,2,yes,no,no,no,no,1,no,semi-furnished,1,0,0,0,0,0,1
5600000.0,4800.0,5,2.0,3,no,no,yes,yes,no,0,no,unfurnished,0,0,1,1,0,0,2
5600000.0,4700.0,4,1.0,2,yes,yes,yes,no,yes,1,no,furnished,1,1,1,0,1,0,0
5600000.0,5000.0,3,1.0,4,yes,no,no,no,no,0,no,furnished,1,0,0,0,0,0,0
5600000.0,10500.0,2,1.0,1,yes,no,no,no,no,1,no,semi-furnished,1,0,0,0,0,0,1
5600000.0,5500.0,3,2.0,2,yes,no,no,no,no,1,no,semi-furnished,1,0,0,0,0,0,1
5600000.0,6360.0,3,1.0,3,yes,no,no,no,no,0,yes,semi-furnished,1,0,0,0,0,1,1
5600000.0,6600.0,4,2.0,1,yes,no,yes,no,no,0,yes,semi-furnished,1,0,1,0,0,1,1
5600000.0,5136.0,3,1.0,2,yes,yes,yes,no,yes,0,yes,unfurnished,1,1,1,0,1,1,2
5565000.0,4400.0,4,1.0,2,yes,no,no,no,yes,2,yes,semi-furnished,1,0,0,0,1,1,1
5565000.0,5400.0,5,1.0,2,yes,yes,yes,no,yes,0,yes,furnished,1,1,1,0,1,1,0
5530000.0,3300.0,3,3.0,2,yes,no,yes,no,no,0,no,semi-furnished,1,0,1,0,0,0,1
5530000.0,3650.0,3,2.0,2,yes,no,no,no,no,2,no,semi-furnished,1,0,0,0,0,0,1
5530000.0,6100.0,3,2.0,1,yes,no,yes,no,no,2,yes,furnished,1,0,1,0,0,1,0
5523000.0,6900.0,3,1.0,1,yes,yes,yes,no,no,0,yes,semi-furnished,1,1,1,0,0,1,1
5495000.0,2817.0,4,2.0,2,no,yes,yes,no,no,1,no,furnished,0,1,1,0,0,0,0
5495000.0,7980.0,3,1.0,1,yes,no,no,no,no,2,no,semi-furnished,1,0,0,0,0,0,1
5460000.0,3150.0,3,2.0,1,yes,yes,yes,no,yes,0,no,furnished,1,1,1,0,1,0,0
5460000.0,6210.0,4,1.0,4,yes,yes,no,no,yes,0,no,furnished,1,1,0,0,1,0,0
5460000.0,6100.0,3,1.0,3,yes,yes,no,no,yes,0,yes,semi-furnished,1,1,0,0,1,1,1
5460000.0,6600.0,4,2.0,2,yes,yes,yes,no,no,0,yes,semi-furnished,1,1,1,0,0,1,1
5425000.0,6825.0,3,1.0,1,yes,yes,yes,no,yes,0,yes,semi-furnished,1,1,1,0,1,1,1
5390000.0,6710.0,3,2.0,2,yes,yes,yes,no,no,1,yes,furnished,1,1,1,0,0,1,0
5383000.0,6450.0,3,2.0,1,yes,yes,yes,yes,no,0,no,unfurnished,1,1,1,1,0,0,2
5320000.0,7800.0,3,1.0,1,yes,no,yes,no,yes,2,yes,unfurnished,1,0,1,0,1,1,2
5285000.0,4600.0,2,2.0,1,yes,no,no,no,yes,2,no,semi-furnished,1,0,0,0,1,0,1
5250000.0,4260.0,4,1.0,2,yes,no,yes,no,yes,0,no,furnished,1,0,1,0,1,0,0
5250000.0,6540.0,4,2.0,2,no,no,no,no,yes,0,no,semi-furnished,0,0,0,0,1,0,1
5250000.0,5500.0,3,2.0,1,yes,no,yes,no,no,0,no,semi-furnished,1,0,1,0,0,0,1
5250000.0,10269.0,3,1.0,1,yes,no,no,no,no,1,yes,semi-furnished,1,0,0,0,0,1,1
5250000.0,8400.0,3,1.0,2,yes,yes,yes,no,yes,2,yes,unfurnished,1,1,1,0,1,1,2
5250000.0,5300.0,4,2.0,1,yes,no,no,no,yes,0,yes,unfurnished,1,0,0,0,1,1,2
5250000.0,3800.0,3,1.0,2,yes,yes,yes,no,no,1,yes,unfurnished,1,1,1,0,0,1,2
5250000.0,9800.0,4,2.0,2,yes,yes,no,no,no,2,no,semi-furnished,1,1,0,0,0,0,1
5250000.0,8520.0,3,1.0,1,yes,no,no,no,yes,2,no,furnished,1,0,0,0,1,0,0
5243000.0,6050.0,3,1.0,1,yes,no,yes,no,no,0,yes,semi-furnished,1,0,1,0,0,1,1
5229000.0,7085.0,3,1.0,1,yes,yes,yes,no,no,2,yes,semi-furnished,1,1,1,0,0,1,1
5215000.0,3180.0,3,2.0,2,yes,no,no,no,no,2,no,semi-furnished,1,0,0,0,0,0,1
5215000.0,4500.0,4,2.0,1,no,no,yes,no,yes,2,no,semi-furnished,0,0,1,0,1,0,1
5215000.0,7200.0,3,1.0,2,yes,yes,yes,no,no,1,yes,furnished,1,1,1,0,0,1,0
5145000.0,3410.0,3,1.0,2,no,no,no,no,yes,0,no,semi-furnished,0,0,0,0,1,0,1
5145000.0,7980.0,3,1.0,1,yes,no,no,no,no,1,yes,semi-furnished,1,0,0,0,0,1,1
5110000.0,3000.0,3,2.0,2,yes,yes,yes,no,no,0,no,furnished,1,1,1,0,0,0,0
5110000.0,3000.0,3,1.0,2,yes,no,yes,no,no,0,no,unfurnished,1,0,1,0,0,0,2
5110000.0,11410.0,2,1.0,2,yes,no,no,no,no,0,yes,furnished,1,0,0,0,0,1,0
5110000.0,6100.0,3,1.0,1,yes,no,yes,no,yes,0,yes,semi-furnished,1,0,1,0,1,1,1
5075000.0,5720.0,2,1.0,2,yes,no,no,no,yes,0,yes,unfurnished,1,0,0,0,1,1,2
5040000.0,3540.0,2,1.0,1,no,yes,yes,no,no,0,no,semi-furnished,0,1,1,0,0,0,1
5040000.0,7600.0,4,1.0,2,yes,no,no,no,yes,2,no,furnished,1,0,0,0,1,0,0
5040000.0,10700.0,3,1.0,2,yes,yes,yes,no,no,0,no,semi-furnished,1,1,1,0,0,0,1
5040000.0,6600.0,3,1.0,1,yes,yes,yes,no,no,0,yes,furnished,1,1,1,0,0,1,0
5033000.0,4800.0,2,1.0,1,yes,yes,yes,no,no,0,no,semi-furnished,1,1,1,0,0,0,1
5005000.0,8150.0,3,2.0,1,yes,yes,yes,no,no,0,no,semi-furnished,1,1,1,0,0,0,1
4970000.0,4410.0,4,3.0,2,yes,no,yes,no,no,2,no,semi-furnished,1,0,1,0,0,0,1
4970000.0,7686.0,3,1.0,1,yes,yes,yes,yes,no,0,no,semi-furnished,1,1,1,1,0,0,1
4956000.0,2800.0,3,2.0,2,no,no,yes,no,yes,1,no,semi-furnished,0,0,1,0,1,0,1
4935000.0,5948.0,3,1.0,2,yes,no,no,no,yes,0,no,semi-furnished,1,0,0,0,1,0,1
4907000.0,4200.0,3,1.0,2,yes,no,no,no,no,1,no,furnished,1,0,0,0,0,0,0
4900000.0,4520.0,3,1.0,2,yes,no,yes,no,yes,0,no,semi-furnished,1,0,1,0,1,0,1
4900000.0,4095.0,3,1.0,2,no,yes,yes,no,yes,0,no,semi-furnished,0,1,1,0,1,0,1
4900000.0,4120.0,2,1.0,1,yes,no,yes,no,no,1,no,semi-furnished,1,0,1,0,0,0,1
4900000.0,5400.0,4,1.0,2,yes,no,no,no,no,0,no,semi-furnished,1,0,0,0,0,0,1
4900000.0,4770.0,3,1.0,1,yes,yes,yes,no,no,0,no,semi-furnished,1,1,1,0,0,0,1
4900000.0,6300.0,3,1.0,1,yes,no,no,no,yes,2,no,semi-furnished,1,0,0,0,1,0,1
4900000.0,5800.0,2,1.0,1,yes,yes,yes,no,yes,0,no,semi-furnished,1,1,1,0,1,0,1
4900000.0,3000.0,3,1.0,2,yes,no,yes,no,yes,0,no,semi-furnished,1,0,1,0,1,0,1
4900000.0,2970.0,3,1.0,3,yes,no,no,no,no,0,no,semi-furnished,1,0,0,0,0,0,1
4900000.0,6720.0,3,1.0,1,yes,no,no,no,no,0,no,unfurnished,1,0,0,0,0,0,2
4900000.0,4646.0,3,1.0,2,yes,yes,yes,no,no,2,no,semi-furnished,1,1,1,0,0,0,1
4900000.0,11812.799999999967,3,1.0,1,yes,no,no,no,no,2,no,furnished,1,0,0,0,0,0,0
4893000.0,3420.0,4,2.0,2,yes,no,yes,no,yes,2,no,semi-furnished,1,0,1,0,1,0,1
4893000.0,4995.0,4,2.0,1,yes,no,yes,no,no,0,no,semi-furnished,1,0,1,0,0,0,1
4865000.0,4350.0,2,1.0,1,yes,no,yes,no,no,0,no,unfurnished,1,0,1,0,0,0,2
4830000.0,4160.0,3,1.0,3,yes,no,no,no,no,0,no,unfurnished,1,0,0,0,0,0,2
4830000.0,6040.0,3,1.0,1,yes,no,no,no,no,2,yes,semi-furnished,1,0,0,0,0,1,1
4830000.0,6862.0,3,1.0,2,yes,no,no,no,yes,2,yes,furnished,1,0,0,0,1,1,0
4830000.0,4815.0,2,1.0,1,yes,no,no,no,yes,0,yes,semi-furnished,1,0,0,0,1,1,1
4795000.0,7000.0,3,1.0,2,yes,no,yes,no,no,0,no,unfurnished,1,0,1,0,0,0,2
4795000.0,8100.0,4,1.0,4,yes,no,yes,no,yes,2,no,semi-furnished,1,0,1,0,1,0,1
4767000.0,3420.0,4,2.0,2,yes,no,no,no,no,0,no,semi-furnished,1,0,0,0,0,0,1
4760000.0,9166.0,2,1.0,1,yes,no,yes,no,yes,2,no,semi-furnished,1,0,1,0,1,0,1
4760000.0,6321.0,3,1.0,2,yes,no,yes,no,yes,1,no,furnished,1,0,1,0,1,0,0
4760000.0,10240.0,2,1.0,1,yes,no,no,no,yes,2,yes,unfurnished,1,0,0,0,1,1,2
4753000.0,6440.0,2,1.0,1,yes,no,no,no,yes,3,no,semi-furnished,1,0,0,0,1,0,1
4690000.0,5170.0,3,1.0,4,yes,no,no,no,yes,0,no,semi-furnished,1,0,0,0,1,0,1
4690000.0,6000.0,2,1.0,1,yes,no,yes,no,yes,1,no,furnished,1,0,1,0,1,0,0
4690000.0,3630.0,3,1.0,2,yes,no,no,no,no,2,no,semi-furnished,1,0,0,0,0,0,1
4690000.0,9667.0,4,2.0,2,yes,yes,yes,no,no,1,no,semi-furnished,1,1,1,0,0,0,1
4690000.0,5400.0,2,1.0,2,yes,no,no,no,no,0,yes,semi-furnished,1,0,0,0,0,1,1
4690000.0,4320.0,3,1.0,1,yes,no,no,no,no,0,yes,semi-furnished,1,0,0,0,0,1,1
4655000.0,3745.0,3,1.0,2,yes,no,yes,no,no,0,no,furnished,1,0,1,0,0,0,0
4620000.0,4160.0,3,1.0,1,yes,yes,yes,no,yes,0,no,unfurnished,1,1,1,0,1,0,2
4620000.0,3880.0,3,2.0,2,yes,no,yes,no,no,2,no,semi-furnished,1,0,1,0,0,0,1
4620000.0,5680.0,3,1.0,2,yes,yes,no,no,yes,1,no,semi-furnished,1,1,0,0,1,0,1
4620000.0,2870.0,2,1.0,2,yes,yes,yes,no,no,0,yes,semi-furnished,1,1,1,0,0,1,1
4620000.0,5010.0,3,1.0,2,yes,no,yes,no,no,0,no,semi-furnished,1,0,1,0,0,0,1
4613000.0,4510.0,4,2.0,2,yes,no,yes,no,no,0,no,semi-furnished,1,0,1,0,0,0,1
4585000.0,4000.0,3,1.0,2,yes,no,no,no,no,1,no,furnished,1,0,0,0,0,0,0
4585000.0,3840.0,3,1.0,2,yes,no,no,no,no,1,yes,semi-furnished,1,0,0,0,0,1,1
4550000.0,3760.0,3,1.0,1,yes,no,no,no,no,2,no,semi-furnished,1,0,0,0,0,0,1
4550000.0,3640.0,3,1.0,2,yes,no,no,no,yes,0,no,furnished,1,0,0,0,1,0,0
4550000.0,2550.0,3,1.0,2,yes,no,yes,no,no,0,no,furnished,1,0,1,0,0,0,0
4550000.0,5320.0,3,1.0,2,yes,yes,yes,no,no,0,yes,semi-furnished,1,1,1,0,0,1,1
4550000.0,5360.0,3,1.0,2,yes,no,no,no,no,2,yes,unfurnished,1,0,0,0,0,1,2
4550000.0,3520.0,3,1.0,1,yes,no,no,no,no,0,yes,semi-furnished,1,0,0,0,0,1,1
4550000.0,8400.0,4,1.0,4,yes,no,no,no,no,3,no,unfurnished,1,0,0,0,0,0,2
4543000.0,4100.0,2,2.0,1,yes,yes,yes,no,no,0,no,semi-furnished,1,1,1,0,0,0,1
4543000.0,4990.0,4,2.0,2,yes,yes,yes,no,no,0,yes,furnished,1,1,1,0,0,1,0
4515000.0,3510.0,3,1.0,3,yes,no,no,no,no,0,no,semi-furnished,1,0,0,0,0,0,1
4515000.0,3450.0,3,1.0,2,yes,no,yes,no,no,1,no,semi-furnished,1,0,1,0,0,0,1
4515000.0,9860.0,3,1.0,1,yes,no,no,no,no,0,no,semi-furnished,1,0,0,0,0,0,1
4515000.0,3520.0,2,1.0,2,yes,no,no,no,no,0,yes,furnished,1,0,0,0,0,1,0
4480000.0,4510.0,4,1.0,2,yes,no,no,no,yes,2,no,semi-furnished,1,0,0,0,1,0,1
4480000.0,5885.0,2,1.0,1,yes,no,no,no,yes,1,no,unfurnished,1,0,0,0,1,0,2
4480000.0,4000.0,3,1.0,2,yes,no,no,no,no,2,no,furnished,1,0,0,0,0,0,0
4480000.0,8250.0,3,1.0,1,yes,no,no,no,no,0,no,furnished,1,0,0,0,0,0,0
4480000.0,4040.0,3,1.0,2,yes,no,no,no,no,1,no,semi-furnished,1,0,0,0,0,0,1
4473000.0,6360.0,2,1.0,1,yes,no,yes,no,yes,1,no,furnished,1,0,1,0,1,0,0
4473000.0,3162.0,3,1.0,2,yes,no,no,no,yes,1,no,furnished,1,0,0,0,1,0,0
4473000.0,3510.0,3,1.0,2,yes,no,no,no,no,0,no,semi-furnished,1,0,0,0,0,0,1
4445000.0,3750.0,2,1.0,1,yes,yes,yes,no,no,0,no,semi-furnished,1,1,1,0,0,0,1
4410000.0,3968.0,3,1.0,2,no,no,no,no,no,0,no,semi-furnished,0,0,0,0,0,0,1
4410000.0,4900.0,2,1.0,2,yes,no,yes,no,no,0,no,semi-furnished,1,0,1,0,0,0,1
4403000.0,2880.0,3,1.0,2,yes,no,no,no,no,0,yes,semi-furnished,1,0,0,0,0,1,1
4403000.0,4880.0,3,1.0,1,yes,no,no,no,no,2,yes,unfurnished,1,0,0,0,0,1,2
4403000.0,4920.0,3,1.0,2,yes,no,no,no,no,1,no,semi-furnished,1,0,0,0,0,0,1
4382000.0,4950.0,4,1.0,2,yes,no,no,no,yes,0,no,semi-furnished,1,0,0,0,1,0,1
4375000.0,3900.0,3,1.0,2,yes,no,no,no,no,0,no,unfurnished,1,0,0,0,0,0,2
4340000.0,4500.0,3,2.0,3,yes,no,no,yes,no,1,no,furnished,1,0,0,1,0,0,0
4340000.0,1972.0,5,1.0,2,no,no,yes,no,no,0,no,semi-furnished,0,0,1,0,0,0,1
4340000.0,4075.0,3,1.0,1,yes,yes,yes,no,no,2,no,semi-furnished,1,1,1,0,0,0,1
4340000.0,3500.0,4,1.0,2,yes,no,no,no,no,2,no,furnished,1,0,0,0,0,0,0
4340000.0,6450.0,4,1.0,2,yes,no,no,no,no,0,no,semi-furnished,1,0,0,0,0,0,1
4319000.0,4032.0,2,1.0,1,yes,no,yes,no,no,0,no,furnished,1,0,1,0,0,0,0
4305000.0,4400.0,2,1.0,1,yes,no,no,no,no,1,no,semi-furnished,1,0,0,0,0,0,1
4305000.0,10360.0,2,1.0,1,yes,no,no,no,no,1,yes,semi-furnished,1,0,0,0,0,1,1
4277000.0,3400.0,3,1.0,2,yes,no,yes,no,no,2,yes,semi-furnished,1,0,1,0,0,1,1
4270000.0,6360.0,2,1.0,1,yes,no,no,no,no,0,no,furnished,1,0,0,0,0,0,0
4270000.0,6360.0,2,1.0,2,yes,no,no,no,no,0,no,unfurnished,1,0,0,0,0,0,2
4270000.0,4500.0,2,1.0,1,yes,no,no,no,yes,2,no,furnished,1,0,0,0,1,0,0
4270000.0,2175.0,3,1.0,2,no,yes,yes,no,yes,0,no,unfurnished,0,1,1,0,1,0,2
4270000.0,4360.0,4,1.0,2,yes,no,no,no,no,0,no,furnished,1,0,0,0,0,0,0
4270000.0,7770.0,2,1.0,1,yes,no,no,no,no,1,no,furnished,1,0,0,0,0,0,0
4235000.0,6650.0,3,1.0,2,yes,yes,no,no,no,0,no,semi-furnished,1,1,0,0,0,0,1
4235000.0,2787.0,3,1.0,1,yes,no,yes,no,no,0,yes,furnished,1,0,1,0,0,1,0
4200000.0,5500.0,3,1.0,2,yes,no,no,no,yes,0,no,unfurnished,1,0,0,0,1,0,2
4200000.0,5040.0,3,1.0,2,yes,no,yes,no,yes,0,no,unfurnished,1,0,1,0,1,0,2
4200000.0,5850.0,2,1.0,1,yes,yes,yes,no,no,2,no,semi-furnished,1,1,1,0,0,0,1
4200000.0,2610.0,4,3.0,2,no,no,no,no,no,0,no,semi-furnished,0,0,0,0,0,0,1
4200000.0,2953.0,3,1.0,2,yes,no,yes,no,yes,0,no,unfurnished,1,0,1,0,1,0,2
4200000.0,2747.0,4,2.0,2,no,no,no,no,no,0,no,semi-furnished,0,0,0,0,0,0,1
4200000.0,4410.0,2,1.0,1,no,no,no,no,no,1,no,unfurnished,0,0,0,0,0,0,2
4200000.0,4000.0,4,2.0,2,no,no,no,no,no,0,no,semi-furnished,0,0,0,0,0,0,1
4200000.0,2325.0,3,1.0,2,no,no,no,no,no,0,no,semi-furnished,0,0,0,0,0,0,1
4200000.0,4600.0,3,2.0,2,yes,no,no,no,yes,1,no,semi-furnished,1,0,0,0,1,0,1
4200000.0,3640.0,3,2.0,2,yes,no,yes,no,no,0,no,unfurnished,1,0,1,0,0,0,2
4200000.0,5800.0,3,1.0,1,yes,no,no,yes,no,2,no,semi-furnished,1,0,0,1,0,0,1
4200000.0,7000.0,3,1.0,1,yes,no,no,no,no,3,no,furnished,1,0,0,0,0,0,0
4200000.0,4079.0,3,1.0,3,yes,no,no,no,no,0,no,semi-furnished,1,0,0,0,0,0,1
4200000.0,3520.0,3,1.0,2,yes,no,no,no,no,0,yes,semi-furnished,1,0,0,0,0,1,1
4200000.0,2145.0,3,1.0,3,yes,no,no,no,no,1,yes,unfurnished,1,0,0,0,0,1,2
4200000.0,4500.0,3,1.0,1,yes,no,yes,no,no,0,no,furnished,1,0,1,0,0,0,0
4193000.0,8250.0,3,1.0,1,yes,no,yes,no,no,3,no,semi-furnished,1,0,1,0,0,0,1
4193000.0,3450.0,3,1.0,2,yes,no,no,no,no,1,no,semi-furnished,1,0,0,0,0,0,1
4165000.0,4840.0,3,1.0,2,yes,no,no,no,no,1,no,semi-furnished,1,0,0,0,0,0,1
4165000.0,4080.0,3,1.0,2,yes,no,no,no,no,2,no,semi-furnished,1,0,0,0,0,0,1
4165000.0,4046.0,3,1.0,2,yes,no,yes,no,no,1,no,semi-furnished,1,0,1,0,0,0,1
4130000.0,4632.0,4,1.0,2,yes,no,no,no,yes,0,no,semi-furnished,1,0,0,0,1,0,1
4130000.0,5985.0,3,1.0,1,yes,no,yes,no,no,0,no,semi-furnished,1,0,1,0,0,0,1
4123000.0,6060.0,2,1.0,1,yes,no,yes,no,no,1,no,semi-furnished,1,0,1,0,0,0,1
4098500.0,3600.0,3,1.0,1,yes,no,yes,no,yes,0,yes,furnished,1,0,1,0,1,1,0
4095000.0,3680.0,3,2.0,2,yes,no,no,no,no,0,no,semi-furnished,1,0,0,0,0,0,1
4095000.0,4040.0,2,1.0,2,yes,no,no,no,no,1,no,semi-furnished,1,0,0,0,0,0,1
4095000.0,5600.0,2,1.0,1,yes,no,no,no,yes,0,no,semi-furnished,1,0,0,0,1,0,1
4060000.0,5900.0,4,2.0,2,no,no,yes,no,no,1,no,unfurnished,0,0,1,0,0,0,2
4060000.0,4992.0,3,2.0,2,yes,no,no,no,no,2,no,unfurnished,1,0,0,0,0,0,2
4060000.0,4340.0,3,1.0,1,yes,no,no,no,no,0,no,semi-furnished,1,0,0,0,0,0,1
4060000.0,3000.0,4,1.0,3,yes,no,yes,no,yes,2,no,semi-furnished,1,0,1,0,1,0,1
4060000.0,4320.0,3,1.0,2,yes,no,no,no,no,2,yes,furnished,1,0,0,0,0,1,0
4025000.0,3630.0,3,2.0,2,yes,no,no,yes,no,2,no,semi-furnished,1,0,0,1,0,0,1
4025000.0,3460.0,3,2.0,1,yes,no,yes,no,yes,1,no,furnished,1,0,1,0,1,0,0
4025000.0,5400.0,3,1.0,1,yes,no,no,no,no,3,no,semi-furnished,1,0,0,0,0,0,1
4007500.0,4500.0,3,1.0,2,no,no,yes,no,yes,0,no,semi-furnished,0,0,1,0,1,0,1
4007500.0,3460.0,4,1.0,2,yes,no,no,no,yes,0,no,semi-furnished,1,0,0,0,1,0,1
3990000.0,4100.0,4,1.0,1,no,no,yes,no,no,0,no,unfurnished,0,0,1,0,0,0,2
3990000.0,6480.0,3,1.0,2,no,no,no,no,yes,1,no,semi-furnished,0,0,0,0,1,0,1
3990000.0,4500.0,3,2.0,2,no,no,yes,no,yes,0,no,semi-furnished,0,0,1,0,1,0,1
3990000.0,3960.0,3,1.0,2,yes,no,no,no,no,0,no,furnished,1,0,0,0,0,0,0
3990000.0,4050.0,2,1.0,2,yes,yes,yes,no,no,0,yes,unfurnished,1,1,1,0,0,1,2
3920000.0,7260.0,3,2.0,1,yes,yes,yes,no,no,3,no,furnished,1,1,1,0,0,0,0
3920000.0,5500.0,4,1.0,2,yes,yes,yes,no,no,0,no,semi-furnished,1,1,1,0,0,0,1
3920000.0,3000.0,3,1.0,2,yes,no,no,no,no,0,no,semi-furnished,1,0,0,0,0,0,1
3920000.0,3290.0,2,1.0,1,yes,no,no,yes,no,1,no,furnished,1,0,0,1,0,0,0
3920000.0,3816.0,2,1.0,1,yes,no,yes,no,yes,2,no,furnished,1,0,1,0,1,0,0
3920000.0,8080.0,3,1.0,1,yes,no,no,no,yes,2,no,semi-furnished,1,0,0,0,1,0,1
3920000.0,2145.0,4,2.0,1,yes,no,yes,no,no,0,yes,unfurnished,1,0,1,0,0,1,2
3885000.0,3780.0,2,1.0,2,yes,yes,yes,no,no,0,no,semi-furnished,1,1,1,0,0,0,1
3885000.0,3180.0,4,2.0,2,yes,no,no,no,no,0,no,furnished,1,0,0,0,0,0,0
3850000.0,5300.0,5,2.0,2,yes,no,no,no,no,0,no,semi-furnished,1,0,0,0,0,0,1
3850000.0,3180.0,2,2.0,1,yes,no,yes,no,no,2,no,semi-furnished,1,0,1,0,0,0,1
3850000.0,7152.0,3,1.0,2,yes,no,no,no,yes,0,no,furnished,1,0,0,0,1,0,0
3850000.0,4080.0,2,1.0,1,yes,no,no,no,no,0,no,semi-furnished,1,0,0,0,0,0,1
3850000.0,3850.0,2,1.0,1,yes,no,no,no,no,0,no,semi-furnished,1,0,0,0,0,0,1
3850000.0,2015.0,3,1.0,2,yes,no,yes,no,no,0,yes,semi-furnished,1,0,1,0,0,1,1
3850000.0,2176.0,2,1.0,2,yes,yes,no,no,no,0,yes,semi-furnished,1,1,0,0,0,1,1
3836000.0,3350.0,3,1.0,2,yes,no,no,no,no,0,no,unfurnished,1,0,0,0,0,0,2
3815000.0,3150.0,2,2.0,1,no,no,yes,no,no,0,no,semi-furnished,0,0,1,0,0,0,1
3780000.0,4820.0,3,1.0,2,yes,no,no,no,no,0,no,semi-furnished,1,0,0,0,0,0,1
3780000.0,3420.0,2,1.0,2,yes,no,no,yes,no,1,no,semi-furnished,1,0,0,1,0,0,1
3780000.0,3600.0,2,1.0,1,yes,no,no,no,no,0,no,semi-furnished,1,0,0,0,0,0,1
3780000.0,5830.0,2,1.0,1,yes,no,no,no,no,2,no,unfurnished,1,0,0,0,0,0,2
3780000.0,2856.0,3,1.0,3,yes,no,no,no,no,0,yes,furnished,1,0,0,0,0,1,0
3780000.0,8400.0,2,1.0,1,yes,no,no,no,no,1,no,furnished,1,0,0,0,0,0,0
3773000.0,8250.0,3,1.0,1,yes,no,no,no,no,2,no,furnished,1,0,0,0,0,0,0
3773000.0,2520.0,5,2.0,1,no,no,yes,no,yes,1,no,furnished,0,0,1,0,1,0,0
3773000.0,6930.0,4,1.0,2,no,no,no,no,no,1,no,furnished,0,0,0,0,0,0,0
3745000.0,3480.0,2,1.0,1,yes,no,no,no,no,0,yes,semi-furnished,1,0,0,0,0,1,1
3710000.0,3600.0,3,1.0,1,yes,no,no,no,no,1,no,unfurnished,1,0,0,0,0,0,2
3710000.0,4040.0,2,1.0,1,yes,no,no,no,no,0,no,semi-furnished,1,0,0,0,0,0,1
3710000.0,6020.0,3,1.0,1,yes,no,no,no,no,0,no,semi-furnished,1,0,0,0,0,0,1
3710000.0,4050.0,2,1.0,1,yes,no,no,no,no,0,no,furnished,1,0,0,0,0,0,0
3710000.0,3584.0,2,1.0,1,yes,no,no,yes,no,0,no,semi-furnished,1,0,0,1,0,0,1
3703000.0,3120.0,3,1.0,2,no,no,yes,yes,no,0,no,semi-furnished,0,0,1,1,0,0,1
3703000.0,5450.0,2,1.0,1,yes,no,no,no,no,0,no,furnished,1,0,0,0,0,0,0
3675000.0,3630.0,2,1.0,1,yes,no,yes,no,no,0,no,furnished,1,0,1,0,0,0,0
3675000.0,3630.0,2,1.0,1,yes,no,no,no,yes,0,no,unfurnished,1,0,0,0,1,0,2
3675000.0,5640.0,2,1.0,1,no,no,no,no,no,0,no,semi-furnished,0,0,0,0,0,0,1
3675000.0,3600.0,2,1.0,1,yes,no,no,no,no,0,no,furnished,1,0,0,0,0,0,0
3640000.0,4280.0,2,1.0,1,yes,no,no,no,yes,2,no,semi-furnished,1,0,0,0,1,0,1
3640000.0,3570.0,3,1.0,2,yes,no,yes,no,no,0,no,semi-furnished,1,0,1,0,0,0,1
3640000.0,3180.0,3,1.0,2,no,no,yes,no,no,0,no,semi-furnished,0,0,1,0,0,0,1
3640000.0,3000.0,2,1.0,2,yes,no,no,no,yes,0,no,furnished,1,0,0,0,1,0,0
3640000.0,3520.0,2,2.0,1,yes,no,yes,no,no,0,no,semi-furnished,1,0,1,0,0,0,1
3640000.0,5960.0,3,1.0,2,yes,yes,yes,no,no,0,no,unfurnished,1,1,1,0,0,0,2
3640000.0,4130.0,3,2.0,2,yes,no,no,no,no,2,no,semi-furnished,1,0,0,0,0,0,1
3640000.0,2850.0,3,2.0,2,no,no,yes,no,no,0,yes,unfurnished,0,0,1,0,0,1,2
3640000.0,2275.0,3,1.0,3,yes,no,no,yes,yes,0,yes,semi-furnished,1,0,0,1,1,1,1
3633000.0,3520.0,3,1.0,1,yes,no,no,no,no,2,yes,unfurnished,1,0,0,0,0,1,2
3605000.0,4500.0,2,1.0,1,yes,no,no,no,no,0,no,semi-furnished,1,0,0,0,0,0,1
3605000.0,4000.0,2,1.0,1,yes,no,no,no,no,0,yes,semi-furnished,1,0,0,0,0,1,1
3570000.0,3150.0,3,1.0,2,yes,no,yes,no,no,0,no,furnished,1,0,1,0,0,0,0
3570000.0,4500.0,4,2.0,2,yes,no,yes,no,no,2,no,furnished,1,0,1,0,0,0,0
3570000.0,4500.0,2,1.0,1,no,no,no,no,no,0,no,furnished,0,0,0,0,0,0,0
3570000.0,3640.0,2,1.0,1,yes,no,no,no,no,0,no,unfurnished,1,0,0,0,0,0,2
3535000.0,3850.0,3,1.0,1,yes,no,no,no,no,2,no,unfurnished,1,0,0,0,0,0,2
3500000.0,4240.0,3,1.0,2,yes,no,no,no,yes,0,no,semi-furnished,1,0,0,0,1,0,1
3500000.0,3650.0,3,1.0,2,yes,no,no,no,no,0,no,unfurnished,1,0,0,0,0,0,2
3500000.0,4600.0,4,1.0,2,yes,no,no,no,no,0,no,semi-furnished,1,0,0,0,0,0,1
3500000.0,2135.0,3,2.0,2,no,no,no,no,no,0,no,unfurnished,0,0,0,0,0,0,2
3500000.0,3036.0,3,1.0,2,yes,no,yes,no,no,0,no,semi-furnished,1,0,1,0,0,0,1
3500000.0,3990.0,3,1.0,2,yes,no,no,no,no,0,no,semi-furnished,1,0,0,0,0,0,1
3500000.0,7424.0,3,1.0,1,no,no,no,no,no,0,no,unfurnished,0,0,0,0,0,0,2
3500000.0,3480.0,3,1.0,1,no,no,no,no,yes,0,no,unfurnished,0,0,0,0,1,0,2
3500000.0,3600.0,5,1.0,2,yes,no,no,no,no,1,no,unfurnished,1,0,0,0,0,0,2
3500000.0,3640.0,2,1.0,1,yes,no,no,no,no,1,no,semi-furnished,1,0,0,0,0,0,1
3500000.0,5900.0,2,1.0,1,yes,no,no,no,no,1,no,furnished,1,0,0,0,0,0,0
3500000.0,3120.0,3,1.0,2,yes,no,no,no,no,1,no,unfurnished,1,0,0,0,0,0,2
3500000.0,7350.0,2,1.0,1,yes,no,no,no,no,1,no,semi-furnished,1,0,0,0,0,0,1
3500000.0,3512.0,2,1.0,1,yes,no,no,no,no,1,yes,unfurnished,1,0,0,0,0,1,2
3500000.0,9500.0,3,1.0,2,yes,no,no,no,no,3,yes,unfurnished,1,0,0,0,0,1,2
3500000.0,5880.0,2,1.0,1,yes,no,no,no,no,0,no,unfurnished,1,0,0,0,0,0,2
3500000.0,11812.799999999967,3,1.0,1,yes,no,no,no,no,0,no,unfurnished,1,0,0,0,0,0,2
3493000.0,4900.0,3,1.0,2,no,no,no,no,no,0,no,unfurnished,0,0,0,0,0,0,2
3465000.0,3060.0,3,1.0,1,yes,no,no,no,no,0,no,unfurnished,1,0,0,0,0,0,2
3465000.0,5320.0,2,1.0,1,yes,no,no,no,no,1,yes,unfurnished,1,0,0,0,0,1,2
3465000.0,2145.0,3,1.0,3,yes,no,no,no,no,0,yes,furnished,1,0,0,0,0,1,0
3430000.0,4000.0,2,1.0,1,yes,no,no,no,no,0,no,unfurnished,1,0,0,0,0,0,2
3430000.0,3185.0,2,1.0,1,yes,no,no,no,no,2,no,unfurnished,1,0,0,0,0,0,2
3430000.0,3850.0,3,1.0,1,yes,no,no,no,no,0,no,unfurnished,1,0,0,0,0,0,2
3430000.0,2145.0,3,1.0,3,yes,no,no,no,no,0,yes,furnished,1,0,0,0,0,1,0
3430000.0,2610.0,3,1.0,2,yes,no,yes,no,no,0,yes,unfurnished,1,0,1,0,0,1,2
3430000.0,1972.0,3,2.0,2,yes,no,yes,no,no,0,yes,unfurnished,1,0,1,0,0,1,2
3423000.0,4040.0,2,1.0,1,yes,no,no,no,no,0,no,unfurnished,1,0,0,0,0,0,2
3395000.0,4785.0,3,1.0,2,yes,yes,yes,no,yes,1,no,furnished,1,1,1,0,1,0,0
3395000.0,3450.0,3,1.0,1,yes,no,yes,no,no,2,no,unfurnished,1,0,1,0,0,0,2
3395000.0,3640.0,2,1.0,1,yes,no,no,no,no,0,no,furnished,1,0,0,0,0,0,0
3360000.0,3500.0,4,1.0,2,yes,no,no,no,yes,2,no,unfurnished,1,0,0,0,1,0,2
3360000.0,4960.0,4,1.0,3,no,no,no,no,no,0,no,semi-furnished,0,0,0,0,0,0,1
3360000.0,4120.0,2,1.0,2,yes,no,no,no,no,0,no,unfurnished,1,0,0,0,0,0,2
3360000.0,4750.0,2,1.0,1,yes,no,no,no,no,0,no,unfurnished,1,0,0,0,0,0,2
3360000.0,3720.0,2,1.0,1,no,no,no,no,yes,0,no,unfurnished,0,0,0,0,1,0,2
3360000.0,3750.0,3,1.0,1,yes,no,no,no,no,0,no,unfurnished,1,0,0,0,0,0,2
3360000.0,3100.0,3,1.0,2,no,no,yes,no,no,0,no,semi-furnished,0,0,1,0,0,0,1
3360000.0,3185.0,2,1.0,1,yes,no,yes,no,no,2,no,furnished,1,0,1,0,0,0,0
3353000.0,2700.0,3,1.0,1,no,no,no,no,no,0,no,furnished,0,0,0,0,0,0,0
3332000.0,2145.0,3,1.0,2,yes,no,yes,no,no,0,yes,furnished,1,0,1,0,0,1,0
3325000.0,4040.0,2,1.0,1,yes,no,no,no,no,1,no,unfurnished,1,0,0,0,0,0,2
3325000.0,4775.0,4,1.0,2,yes,no,no,no,no,0,no,unfurnished,1,0,0,0,0,0,2
3290000.0,2500.0,2,1.0,1,no,no,no,no,yes,0,no,unfurnished,0,0,0,0,1,0,2
3290000.0,3180.0,4,1.0,2,yes,no,yes,no,yes,0,no,unfurnished,1,0,1,0,1,0,2
3290000.0,6060.0,3,1.0,1,yes,yes,yes,no,no,0,no,furnished,1,1,1,0,0,0,0
3290000.0,3480.0,4,1.0,2,no,no,no,no,no,1,no,semi-furnished,0,0,0,0,0,0,1
3290000.0,3792.0,4,1.0,2,yes,no,no,no,no,0,no,semi-furnished,1,0,0,0,0,0,1
3290000.0,4040.0,2,1.0,1,yes,no,no,no,no,0,no,unfurnished,1,0,0,0,0,0,2
3290000.0,2145.0,3,1.0,2,yes,no,yes,no,no,0,yes,furnished,1,0,1,0,0,1,0
3290000.0,5880.0,3,1.0,1,yes,no,no,no,no,1,no,unfurnished,1,0,0,0,0,0,2
3255000.0,4500.0,2,1.0,1,no,no,no,no,no,0,no,semi-furnished,0,0,0,0,0,0,1
3255000.0,3930.0,2,1.0,1,no,no,no,no,no,0,no,unfurnished,0,0,0,0,0,0,2
3234000.0,3640.0,4,1.0,2,yes,no,yes,no,no,0,no,unfurnished,1,0,1,0,0,0,2
3220000.0,4370.0,3,1.0,2,yes,no,no,no,no,0,no,unfurnished,1,0,0,0,0,0,2
3220000.0,2684.0,2,1.0,1,yes,no,no,no,yes,1,no,unfurnished,1,0,0,0,1,0,2
3220000.0,4320.0,3,1.0,1,no,no,no,no,no,1,no,unfurnished,0,0,0,0,0,0,2
3220000.0,3120.0,3,1.0,2,no,no,no,no,no,0,no,furnished,0,0,0,0,0,0,0
3150000.0,3450.0,2,1.0,1,yes,no,no,no,no,0,no,furnished,1,0,0,0,0,0,0
3150000.0,3986.0,2,2.0,1,no,yes,yes,no,no,1,no,unfurnished,0,1,1,0,0,0,2
3150000.0,3500.0,2,1.0,1,no,no,yes,no,no,0,no,semi-furnished,0,0,1,0,0,0,1
3150000.0,4095.0,2,1.0,1,yes,no,no,no,no,2,no,semi-furnished,1,0,0,0,0,0,1
3150000.0,1972.0,3,1.0,2,no,no,yes,no,no,0,no,unfurnished,0,0,1,0,0,0,2
3150000.0,3450.0,3,1.0,2,yes,no,yes,no,no,0,no,semi-furnished,1,0,1,0,0,0,1
3150000.0,6750.0,2,1.0,1,yes,no,no,no,no,0,no,semi-furnished,1,0,0,0,0,0,1
3150000.0,9000.0,3,1.0,2,yes,no,no,no,no,2,no,semi-furnished,1,0,0,0,0,0,1
3150000.0,3069.0,2,1.0,1,yes,no,no,no,no,1,no,unfurnished,1,0,0,0,0,0,2
3143000.0,4500.0,3,1.0,2,yes,no,no,no,yes,0,no,unfurnished,1,0,0,0,1,0,2
3129000.0,5495.0,3,1.0,1,yes,no,yes,no,no,0,no,unfurnished,1,0,1,0,0,0,2
3118850.0,2398.0,3,1.0,1,yes,no,no,no,no,0,yes,semi-furnished,1,0,0,0,0,1,1
3115000.0,3000.0,3,1.0,1,no,no,no,no,yes,0,no,unfurnished,0,0,0,0,1,0,2
3115000.0,3850.0,3,1.0,2,yes,no,no,no,no,0,no,unfurnished,1,0,0,0,0,0,2
3115000.0,3500.0,2,1.0,1,yes,no,no,no,no,0,no,unfurnished,1,0,0,0,0,0,2
3087000.0,8100.0,2,1.0,1,yes,no,no,no,no,1,no,unfurnished,1,0,0,0,0,0,2
3080000.0,4960.0,2,1.0,1,yes,no,yes,no,yes,0,no,unfurnished,1,0,1,0,1,0,2
3080000.0,2160.0,3,1.0,2,no,no,yes,no,no,0,no,semi-furnished,0,0,1,0,0,0,1
3080000.0,3090.0,2,1.0,1,yes,yes,yes,no,no,0,no,unfurnished,1,1,1,0,0,0,2
3080000.0,4500.0,2,1.0,2,yes,no,no,yes,no,1,no,semi-furnished,1,0,0,1,0,0,1
3045000.0,3800.0,2,1.0,1,yes,no,no,no,no,0,no,unfurnished,1,0,0,0,0,0,2
3010000.0,3090.0,3,1.0,2,no,no,no,no,no,0,no,semi-furnished,0,0,0,0,0,0,1
3010000.0,3240.0,3,1.0,2,yes,no,no,no,no,2,no,semi-furnished,1,0,0,0,0,0,1
3010000.0,2835.0,2,1.0,1,yes,no,no,no,no,0,no,semi-furnished,1,0,0,0,0,0,1
3010000.0,4600.0,2,1.0,1,yes,no,no,no,no,0,no,furnished,1,0,0,0,0,0,0
3010000.0,5076.0,3,1.0,1,no,no,no,no,no,0,no,unfurnished,0,0,0,0,0,0,2
3010000.0,3750.0,3,1.0,2,yes,no,no,no,no,0,no,unfurnished,1,0,0,0,0,0,2
3010000.0,3630.0,4,1.0,2,yes,no,no,no,no,3,no,semi-furnished,1,0,0,0,0,0,1
3003000.0,8050.0,2,1.0,1,yes,no,no,no,no,0,no,unfurnished,1,0,0,0,0,0,2
2975000.0,4352.0,4,1.0,2,no,no,no,no,no,1,no,unfurnished,0,0,0,0,0,0,2
2961000.0,3000.0,2,1.0,2,yes,no,no,no,no,0,no,semi-furnished,1,0,0,0,0,0,1
2940000.0,5850.0,3,1.0,2,yes,no,yes,no,no,1,no,unfurnished,1,0,1,0,0,0,2
2940000.0,4960.0,2,1.0,1,yes,no,no,no,no,0,no,unfurnished,1,0,0,0,0,0,2
2940000.0,3600.0,3,1.0,2,no,no,no,no,no,1,no,unfurnished,0,0,0,0,0,0,2
2940000.0,3660.0,4,1.0,2,no,no,no,no,no,0,no,unfurnished,0,0,0,0,0,0,2
2940000.0,3480.0,3,1.0,2,no,no,no,no,no,1,no,semi-furnished,0,0,0,0,0,0,1
2940000.0,2700.0,2,1.0,1,no,no,no,no,no,0,no,furnished,0,0,0,0,0,0,0
2940000.0,3150.0,3,1.0,2,no,no,no,no,no,0,no,unfurnished,0,0,0,0,0,0,2
2940000.0,6615.0,3,1.0,2,yes,no,no,no,no,0,no,semi-furnished,1,0,0,0,0,0,1
2870000.0,3040.0,2,1.0,1,no,no,no,no,no,0,no,unfurnished,0,0,0,0,0,0,2
2870000.0,3630.0,2,1.0,1,yes,no,no,no,no,0,no,unfurnished,1,0,0,0,0,0,2
2870000.0,6000.0,2,1.0,1,yes,no,no,no,no,0,no,semi-furnished,1,0,0,0,0,0,1
2870000.0,5400.0,4,1.0,2,yes,no,no,no,no,0,no,unfurnished,1,0,0,0,0,0,2
2852500.0,5200.0,4,1.0,3,yes,no,no,no,no,0,no,unfurnished,1,0,0,0,0,0,2
2835000.0,3300.0,3,1.0,2,no,no,no,no,no,1,no,semi-furnished,0,0,0,0,0,0,1
2835000.0,4350.0,3,1.0,2,no,no,no,yes,no,1,no,unfurnished,0,0,0,1,0,0,2
2835000.0,2640.0,2,1.0,1,no,no,no,no,no,1,no,furnished,0,0,0,0,0,0,0
2800000.0,2650.0,3,1.0,2,yes,no,yes,no,no,1,no,unfurnished,1,0,1,0,0,0,2
2800000.0,3960.0,3,1.0,1,yes,no,no,no,no,0,no,furnished,1,0,0,0,0,0,0
2730000.0,6800.0,2,1.0,1,yes,no,no,no,no,0,no,unfurnished,1,0,0,0,0,0,2
2730000.0,4000.0,3,1.0,2,yes,no,no,no,no,1,no,unfurnished,1,0,0,0,0,0,2
2695000.0,4000.0,2,1.0,1,yes,no,no,no,no,0,no,unfurnished,1,0,0,0,0,0,2
2660000.0,3934.0,2,1.0,1,yes,no,no,no,no,0,no,unfurnished,1,0,0,0,0,0,2
2660000.0,2000.0,2,1.0,2,yes,no,no,no,no,0,no,semi-furnished,1,0,0,0,0,0,1
2660000.0,3630.0,3,3.0,2,no,yes,no,no,no,0,no,unfurnished,0,1,0,0,0,0,2
2660000.0,2800.0,3,1.0,1,yes,no,no,no,no,0,no,unfurnished,1,0,0,0,0,0,2
2660000.0,2430.0,3,1.0,1,no,no,no,no,no,0,no,unfurnished,0,0,0,0,0,0,2
2660000.0,3480.0,2,1.0,1,yes,no,no,no,no,1,no,semi-furnished,1,0,0,0,0,0,1
2660000.0,4000.0,3,1.0,1,yes,no,no,no,no,0,no,semi-furnished,1,0,0,0,0,0,1
2653000.0,3185.0,2,1.0,1,yes,no,no,no,yes,0,no,unfurnished,1,0,0,0,1,0,2
2653000.0,4000.0,3,1.0,2,yes,no,no,no,yes,0,no,unfurnished,1,0,0,0,1,0,2
2604000.0,2910.0,2,1.0,1,no,no,no,no,no,0,no,unfurnished,0,0,0,0,0,0,2
2590000.0,3600.0,2,1.0,1,yes,no,no,no,no,0,no,unfurnished,1,0,0,0,0,0,2
2590000.0,4400.0,2,1.0,1,yes,no,no,no,no,0,no,unfurnished,1,0,0,0,0,0,2
2590000.0,3600.0,2,2.0,2,yes,no,yes,no,no,1,no,furnished,1,0,1,0,0,0,0
2520000.0,2880.0,3,1.0,1,no,no,no,no,no,0,no,unfurnished,0,0,0,0,0,0,2
2520000.0,3180.0,3,1.0,1,no,no,no,no,no,0,no,unfurnished,0,0,0,0,0,0,2
2520000.0,3000.0,2,1.0,2,yes,no,no,no,no,0,no,furnished,1,0,0,0,0,0,0
2485000.0,4400.0,3,1.0,2,yes,no,no,no,no,0,no,unfurnished,1,0,0,0,0,0,2
2485000.0,3000.0,3,1.0,2,no,no,no,no,no,0,no,semi-furnished,0,0,0,0,0,0,1
2450000.0,3210.0,3,1.0,2,yes,no,yes,no,no,0,no,unfurnished,1,0,1,0,0,0,2
2450000.0,3240.0,2,1.0,1,no,yes,no,no,no,1,no,unfurnished,0,1,0,0,0,0,2
2450000.0,3000.0,2,1.0,1,yes,no,no,no,no,1,no,unfurnished,1,0,0,0,0,0,2
2450000.0,3500.0,2,1.0,1,yes,yes,no,no,no,0,no,unfurnished,1,1,0,0,0,0,2
2450000.0,4840.0,2,1.0,2,yes,no,no,no,no,0,no,unfurnished,1,0,0,0,0,0,2
2450000.0,7700.0,2,1.0,1,yes,no,no,no,no,0,no,unfurnished,1,0,0,0,0,0,2
2408000.0,3635.0,2,1.0,1,no,no,no,no,no,0,no,unfurnished,0,0,0,0,0,0,2
2380000.0,2475.0,3,1.0,2,yes,no,no,no,no,0,no,furnished,1,0,0,0,0,0,0
2380000.0,2787.0,4,2.0,2,yes,no,no,no,no,0,no,furnished,1,0,0,0,0,0,0
2380000.0,3264.0,2,1.0,1,yes,no,no,no,no,0,no,unfurnished,1,0,0,0,0,0,2
2345000.0,3640.0,2,1.0,1,yes,no,no,no,no,0,no,unfurnished,1,0,0,0,0,0,2
2310000.0,3180.0,2,1.0,1,yes,no,no,no,no,0,no,unfurnished,1,0,0,0,0,0,2
2275000.0,1972.0,2,1.0,1,no,no,yes,no,no,0,no,semi-furnished,0,0,1,0,0,0,1
2275000.0,3970.0,2,1.0,1,no,no,no,no,no,0,no,unfurnished,0,0,0,0,0,0,2
2275000.0,3970.0,3,1.0,2,yes,no,yes,no,no,0,no,unfurnished,1,0,1,0,0,0,2
2240000.0,1972.0,3,1.0,1,no,no,no,yes,no,0,no,unfurnished,0,0,0,1,0,0,2
2233000.0,5300.0,3,1.0,1,no,no,no,no,yes,0,yes,unfurnished,0,0,0,0,1,1,2
2135000.0,3000.0,2,1.0,1,no,no,no,no,no,0,no,unfurnished,0,0,0,0,0,0,2
2100000.0,2400.0,3,1.0,2,yes,no,no,no,no,0,no,unfurnished,1,0,0,0,0,0,2
2100000.0,3000.0,4,1.0,2,yes,no,no,no,no,0,no,unfurnished,1,0,0,0,0,0,2
2100000.0,3360.0,2,1.0,1,yes,no,no,no,no,1,no,unfurnished,1,0,0,0,0,0,2
1960000.0,3420.0,5,1.0,2,no,no,no,no,no,0,no,unfurnished,0,0,0,0,0,0,2
1890000.0,1972.0,3,1.0,2,yes,no,no,no,no,0,no,unfurnished,1,0,0,0,0,0,2
1890000.0,3649.0,2,1.0,1,yes,no,no,no,no,0,no,unfurnished,1,0,0,0,0,0,2
1870400.0,2990.0,2,1.0,1,no,no,no,no,no,1,no,unfurnished,0,0,0,0,0,0,2
1870400.0,3000.0,2,1.0,1,yes,no,yes,no,no,2,no,unfurnished,1,0,1,0,0,0,2
1870400.0,2400.0,3,1.0,1,no,no,no,no,no,0,no,semi-furnished,0,0,0,0,0,0,1
1870400.0,3620.0,2,1.0,1,yes,no,no,no,no,0,no,unfurnished,1,0,0,0,0,0,2
1870400.0,2910.0,3,1.0,1,no,no,no,no,no,0,no,furnished,0,0,0,0,0,0,0
1870400.0,3850.0,3,1.0,2,yes,no,no,no,no,0,no,unfurnished,1,0,0,0,0,0,2
